﻿designator,quantity,value,pack,mpn,mount_type
"H1, H2, H3, H4",4,MountingHole,MountingHole_3.2mm_M3,,tht
"J1, J2, J3",3,EXT1,dualHeader,,tht
J4,1,Conn_01x20,leftHeader,,tht
J5,1,Conn_01x20,rightHeader,,tht
J6,1,Conn_01x03_Pin,PinHeader_1x03_P2.54mm_Vertical,,tht
J7,1,9-pin Cortex-M,PinHeader_2x05_P1.27mm_Vertical_SMD,,smt
JP1,1,TX,PinHeader_1x02_P2.54mm_Vertical,,tht
JP2,1,RX,PinHeader_1x02_P2.54mm_Vertical,,tht
JP3,1,SWCLK,PinHeader_1x02_P2.54mm_Vertical,,tht
JP4,1,SWDIO,PinHeader_1x02_P2.54mm_Vertical,,tht
SW1,1,RESET,SW_PUSH_6mm,,tht
"U1, U2",2,Pico,RPi_Pico_SMD_TH,,tht
