﻿pos_x,pos_y,rotation,side,designator,mpn,pack,value,mount_type,place
126.0,50.0,0.0,top,H1,,MountingHole_3.2mm_M3,MountingHole,tht,True
4.0,50.0,0.0,top,H2,,MountingHole_3.2mm_M3,MountingHole,tht,True
4.0,4.0,0.0,top,H3,,MountingHole_3.2mm_M3,MountingHole,tht,True
126.0,4.0,0.0,top,H4,,MountingHole_3.2mm_M3,MountingHole,tht,True
113.875,51.215,0.0,top,J1,,dualHeader,EXT1,tht,True
99.91,51.215,0.0,top,J2,,dualHeader,EXT1,tht,True
85.935,51.215,0.0,top,J3,,dualHeader,EXT1,tht,True
44.03,51.1,0.0,top,J4,,leftHeader,Conn_01x20,tht,True
71.97,51.1,0.0,top,J5,,rightHeader,Conn_01x20,tht,True
3.96,29.498,90.0,top,J6,,PinHeader_1x03_P2.54mm_Vertical,Conn_01x03_Pin,tht,True
6.057,22.132,0.0,top,J7,,PinHeader_2x05_P1.27mm_Vertical_SMD,9-pin Cortex-M,smt,True
8.978,43.849,0.0,top,JP1,,PinHeader_1x02_P2.54mm_Vertical,TX,tht,True
4.0,43.849,0.0,top,JP2,,PinHeader_1x02_P2.54mm_Vertical,RX,tht,True
4.0,34.197,180.0,top,JP3,,PinHeader_1x02_P2.54mm_Vertical,SWCLK,tht,True
8.978,34.197,180.0,top,JP4,,PinHeader_1x02_P2.54mm_Vertical,SWDIO,tht,True
2.68,15.492,0.0,top,SW1,,SW_PUSH_6mm,RESET,tht,True
58.0,27.0,0.0,top,U1,,RPi_Pico_SMD_TH,Pico,tht,True
24.98,27.0,0.0,top,U2,,RPi_Pico_SMD_TH,Pico,tht,True
